Request ID,Response Time (seconds),Status Code
4,260.9894723892212,200
3,273.266907453537,200
1,273.2796640396118,200
